City,Temperature,Humidity,Pressure,Weather,Temperature_F,Weather_Category
New York,21.49,66,1017,clear sky,70.682,Clear
Los Angeles,18.67,68,1015,haze,65.60600000000001,Other
Chicago,27.59,61,1009,broken clouds,81.662,Cloudy
Houston,32.39,60,1008,few clouds,90.30199999999999,Cloudy
Phoenix,27.09,28,1010,moderate rain,80.762,Rainy
Philadelphia,25.63,60,1015,broken clouds,78.134,Cloudy
San Antonio,35.42,50,1006,clear sky,95.756,Clear
San Diego,19.8,70,1015,few clouds,67.64,Cloudy
Dallas,32.83,49,1009,clear sky,91.094,Clear
San Jose,23.7,41,1014,clear sky,74.66,Clear
Austin,33.89,53,1017,few clouds,93.002,Cloudy
Jacksonville,25.56,70,1013,broken clouds,78.008,Cloudy
Fort Worth,32.37,52,1008,clear sky,90.26599999999999,Clear
Columbus,31.11,42,1012,overcast clouds,87.998,Cloudy
San Francisco,18.68,67,1014,clear sky,65.624,Clear
Charlotte,26.84,53,1015,clear sky,80.312,Clear
Indianapolis,29.98,47,1013,broken clouds,85.964,Cloudy
Seattle,16.73,60,1024,overcast clouds,62.114,Cloudy
Denver,20.26,47,1003,broken clouds,68.468,Cloudy
Washington,19.34,28,1015,broken clouds,66.812,Cloudy
Boston,18.26,72,1016,broken clouds,64.868,Cloudy
El Paso,33.2,8,1005,broken clouds,91.76,Cloudy
Nashville,30.47,46,1014,broken clouds,86.846,Cloudy
Detroit,28.64,66,1013,few clouds,83.55199999999999,Cloudy
Oklahoma City,31.44,52,1022,clear sky,88.59200000000001,Clear
Portland,17.05,53,1025,broken clouds,62.690000000000005,Cloudy
Las Vegas,30.43,18,1006,few clouds,86.774,Cloudy
Memphis,30.84,43,1012,scattered clouds,87.512,Cloudy
Louisville,30.94,42,1014,broken clouds,87.69200000000001,Cloudy
Baltimore,24.91,69,1016,clear sky,76.838,Clear
