City,Temperature,Humidity,Pressure,Weather
New York,21.49,66,1017,clear sky
Los Angeles,18.67,68,1015,haze
Chicago,27.59,61,1009,broken clouds
Houston,32.39,60,1008,few clouds
Phoenix,27.09,28,1010,moderate rain
Philadelphia,25.63,60,1015,broken clouds
San Antonio,35.42,50,1006,clear sky
San Diego,19.8,70,1015,few clouds
Dallas,32.83,49,1009,clear sky
San Jose,23.7,41,1014,clear sky
Austin,33.89,53,1017,few clouds
Jacksonville,25.56,70,1013,broken clouds
Fort Worth,32.37,52,1008,clear sky
Columbus,31.11,42,1012,overcast clouds
San Francisco,18.68,67,1014,clear sky
Charlotte,26.84,53,1015,clear sky
Indianapolis,29.98,47,1013,broken clouds
Seattle,16.73,60,1024,overcast clouds
Denver,20.26,47,1003,broken clouds
Washington,19.34,28,1015,broken clouds
Boston,18.26,72,1016,broken clouds
El Paso,33.2,8,1005,broken clouds
Nashville,30.47,46,1014,broken clouds
Detroit,28.64,66,1013,few clouds
Oklahoma City,31.44,52,1022,clear sky
Portland,17.05,53,1025,broken clouds
Las Vegas,30.43,18,1006,few clouds
Memphis,30.84,43,1012,scattered clouds
Louisville,30.94,42,1014,broken clouds
Baltimore,24.91,69,1016,clear sky
